{"cameraMode":{"drawMode":0,"name":"Shaded","section":"Shading Mode"},"sceneLighting":true,"audioPlay":false,"sceneViewState":{"m_AlwaysRefresh":false,"showFog":true,"showSkybox":true,"showFlares":true,"showImageEffects":true,"showParticleSystems":true,"showVisualEffectGraphs":true,"m_FxEnabled":true},"in2DMode":false,"pivot":{"x":-0.5242273807525635,"y":0.9362750053405762,"z":-9.988178253173829},"rotation":{"x":0.007809401024132967,"y":-0.0000051201209316786848,"z":7.867985232223873e-7,"w":0.9999715685844421},"size":3.158193826675415,"orthographic":true}